Jack,              Bush,        1,           503730412
Mary,              Bush,        2,           536546126
Klara,             Kent,        3,           046322342
Frank,Marlboro,4,875743344
Ivan,Loft,5,987654323
Alah,Babah,6,987321324
Jack,Daniels,7,987371354
Alah,Babah,8,987321324
Jack,Daniels,9,987371354
Alah,Babah,10,987321324
Jack,Daniels,11,987371354
Alah,Babah,12,987321324
Alah,Babah,13,987321324
Jack,Daniels,14,987371554
Alah,Babah,15,987321324
Alah,Babah,16,987321324
Jack,Daniels,17,987371554
Alah,Babah,18,987321324
Jack,Daniels,19,987371554
Alah,Babah,20,987321324
Jack,Daniels,21,987371554
Alah,Babah,22,987321324
Jack,Daniels,23,987371554
Alah,Babah,24,987321324
Jack,Daniels,25,987371554
Alah,Babah,26,987324524
Jack,Daniels,27,987371554
Alah,Babah,28,987324524
Jack,Daniels,29,987371554
Alah,Babah,30,981374239
Jack,Daniels,31,987735554
